,HLD,HLS,BAR,GOU
215,0.6262063980102539,0.6263256072998047,0.6237030029296875,0.5943775177001953
220,0.5441904067993164,0.5449056625366211,0.544428825378418,0.5152225494384766
225,0.4793405532836914,0.4793405532836914,0.4794597625732422,0.4495382308959961
230,0.4258155822753906,0.42641162872314453,0.4258155822753906,0.3955364227294922
235,0.38254261016845703,0.38313865661621094,0.3807544708251953,0.3503561019897461
240,0.3464221954345703,0.3476142883300781,0.3437995910644531,0.3120899200439453
245,0.31769275665283203,0.3190040588378906,0.31125545501708984,0.27883052825927734
