,HLS,HLD,BAR,GOU
215,0.5298852920532227,0.5297660827636719,0.5494356155395508,0.5295276641845703
220,0.46539306640625,0.46563148498535156,0.4826784133911133,0.46133995056152344
225,0.41282176971435547,0.41282176971435547,0.4271268844604492,0.4038810729980469
230,0.3693103790283203,0.3699064254760742,0.3809928894042969,0.35583972930908203
235,0.3337860107421875,0.3345012664794922,0.34224987030029297,0.31507015228271484
240,0.3033876419067383,0.30517578125,0.3091096878051758,0.28014183044433594
245,0.2789497375488281,0.28014183044433594,0.28002262115478516,0.24831295013427734
